<?xml version="1.0" encoding="UTF-8"?>
<project-private xmlns="http://www.netbeans.org/ns/project-private/1">
    <editor-bookmarks xmlns="http://www.netbeans.org/ns/editor-bookmarks/2" lastBookmarkId="0"/>
    <open-files xmlns="http://www.netbeans.org/ns/projectui-open-files/2">
        <group>
            <file>file:/C:/Users/lab_services_student/Documents/NetBeansProjects/ST10250201_PROG6112_EXAM/test/MovieTicketsTest.java</file>
            <file>file:/C:/Users/lab_services_student/Documents/NetBeansProjects/ST10250201_PROG6112_EXAM/src/MovieTicketSalesReport.java</file>
            <file>file:/C:/Users/lab_services_student/Documents/NetBeansProjects/ST10250201_PROG6112_EXAM/src/MovieTickets.java</file>
            <file>file:/C:/Users/lab_services_student/Documents/NetBeansProjects/ST10250201_PROG6112_EXAM/src/IMovieTickets.java</file>
        </group>
    </open-files>
</project-private>
